"Id","FirstName","LastName","Email","Title","Phone"
"2HKQCQ3CDSL0HTJUM3","Paulo","Rossi","paulo.rossi.01@helios-training.invalid","Co-owner","+34 615 492 681"
"E3JEKNZP34LQEXEWDE","Elena","Lopez","elena.lopez.02@helios-training.invalid","Owner","+34 622 544 617"
"3U4FZIDTMNULVQEDGF","Luis","Marino","luis.marino.03@helios-training.invalid","Building manager","+34 641 481 736"
"RYABDBKNMVRCP4XRZL","Eleni","Garcia","eleni.garcia.04@helios-training.invalid","Owner","+34 627 645 821"
"FDQZIKGKSWQLYFOKZJ","Eleni","Rossi","eleni.rossi.05@helios-training.invalid","Technical contact","+34 664 453 523"
"EIMSQIH9KDIVLNRS2W","Rafael","Marino","rafael.marino.06@helios-training.invalid","Building manager","+34 644 189 607"
"7XDCOKTSJRBZG6HKGO","Ines","Garcia","ines.garcia.07@helios-training.invalid","Technical contact","+34 674 120 146"
"ROB9ZKVN32WJZLFSV1","Hugo","Rossi","hugo.rossi.08@helios-training.invalid","Technical contact","+34 620 862 101"
"RXUOBENLCNMIJTP0GB","Marta","Marino","marta.marino.09@helios-training.invalid","Building manager","+34 678 749 929"
"VOKGYTFWMF4ACB2LNI","Thomas","Leroy","thomas.leroy.10@helios-training.invalid","Co-owner","+34 656 782 303"
"EQDDFAZIWE0OJDS8AN","Pedro","Moreau","pedro.moreau.11@helios-training.invalid","Co-owner","+34 649 384 233"
"MWAAI6S1NE1QQEMLNS","Camille","Ferreira","camille.ferreira.12@helios-training.invalid","Co-owner","+34 691 769 922"
"AITL3WCUSNAZWBYUNJ","Paulo","Papadopoulos","paulo.papadopoulos.13@helios-training.invalid","Building manager","+34 635 218 908"
"UCLB2KKVHE4V4VUB1I","Eleni","Ferreira","eleni.ferreira.14@helios-training.invalid","Technical contact","+34 614 166 627"
"IBRXMTHN4PXPENMPVK","Sofia","Bernard","sofia.bernard.15@helios-training.invalid","Co-owner","+34 618 594 705"
"K7YLFVD5HLGTJGNYLW","Rafael","Nikolaou","rafael.nikolaou.16@helios-training.invalid","Technical contact","+34 620 696 927"
"PGXZ12SZLK79XCF54E","Hugo","Dubois","hugo.dubois.17@helios-training.invalid","Co-owner","+34 647 148 654"
"H39RRUUYTQIQA0CMZR","Eleni","Costa","eleni.costa.18@helios-training.invalid","Owner","+34 680 848 499"
"LVXP99OQUTCGC7Y9SM","Rafael","Sanchez","rafael.sanchez.19@helios-training.invalid","Owner","+34 657 743 664"
"XNQ3IRIFLDNTLGUIYR","Matteo","Nikolaou","matteo.nikolaou.20@helios-training.invalid","Building manager","+34 663 305 715"
"DR7N3WYATCTEQL3EEX","Matteo","Costa","matteo.costa.21@helios-training.invalid","Co-owner","+34 688 442 199"
"QTYIYLNPLNWWPEBXYX","Ines","Costa","ines.costa.22@helios-training.invalid","Technical contact","+34 624 568 362"
"5EHJ5TSGUBKFBWS7I8","Rafael","Moreau","rafael.moreau.23@helios-training.invalid","Building manager","+34 642 684 145"
"OCZX7ZN31KYZIUYGXX","Rafael","Marino","rafael.marino.24@helios-training.invalid","Technical contact","+34 668 263 763"
"8FFQFMMVCWS4ESYSIM","Paulo","Nikolaou","paulo.nikolaou.25@helios-training.invalid","Technical contact","+34 663 194 825"
"DSD6TU4Q0GLQ3RPJ1R","Giulia","Costa","giulia.costa.26@helios-training.invalid","Technical contact","+34 643 823 798"
"5K258JB6RRXUESHYO0","Paulo","Garcia","paulo.garcia.27@helios-training.invalid","Technical contact","+34 630 468 298"
"8LP5BHYNHLS1NEIUH3","Elena","Ferreira","elena.ferreira.28@helios-training.invalid","Building manager","+34 631 865 152"
"ZQUIDK4SWPUAXJ5PWK","Rafael","Bernard","rafael.bernard.29@helios-training.invalid","Technical contact","+34 672 296 766"
"MKSCHYNXMPOYDWCTQN","Sofia","Rossi","sofia.rossi.30@helios-training.invalid","Co-owner","+34 622 834 438"
"EQ43TO2MERN4TTQEN7","Diogo","Costa","diogo.costa.31@helios-training.invalid","Owner","+34 622 460 167"
"HFA7FKPW2MBRWJ9YV7","Elena","Ferreira","elena.ferreira.32@helios-training.invalid","Co-owner","+34 650 478 905"
"OTCXMVM1TWWV0UTKAR","Luis","Lopez","luis.lopez.33@helios-training.invalid","Owner","+34 661 588 549"
"D38SVRFUUH9RAG8G4I","Marta","Conti","marta.conti.34@helios-training.invalid","Owner","+34 697 215 454"
"UOGKYM2Z5QGH9KNWUH","Camille","Silva","camille.silva.35@helios-training.invalid","Technical contact","+34 663 917 230"
"3VL58HZW9NWRWOKN4I","Sofia","Rossi","sofia.rossi.36@helios-training.invalid","Building manager","+34 689 917 739"
"LJNCPI0MYKO35N1WBA","Giulia","Dubois","giulia.dubois.37@helios-training.invalid","Technical contact","+34 619 294 156"
"ZX7ZHUSDBGXI2X5FJB","Marta","Silva","marta.silva.38@helios-training.invalid","Owner","+34 616 741 697"
"RIQDNQKZMOFBXK219G","Diogo","Moreau","diogo.moreau.39@helios-training.invalid","Owner","+34 625 529 378"
"FC5SMUUSWOJNDAA4GW","Ana","Papadopoulos","ana.papadopoulos.40@helios-training.invalid","Co-owner","+34 619 102 254"
"JRTIU3HPUGGS2Q0J9U","Chloe","Dubois","chloe.dubois.41@helios-training.invalid","Building manager","+34 610 887 287"
"AH3ZLZTK8FMLVYRZBR","Camille","Bernard","camille.bernard.42@helios-training.invalid","Technical contact","+34 692 364 648"
"PG2WXSL5BF21NAZJMY","Andreas","Sanchez","andreas.sanchez.43@helios-training.invalid","Co-owner","+34 699 279 724"
"0IHDW9IM4OSOXYNCEC","Sofia","Moreau","sofia.moreau.44@helios-training.invalid","Building manager","+34 664 415 985"
"J9XWVZQH56BVQPFNCP","Giulia","Marino","giulia.marino.45@helios-training.invalid","Co-owner","+34 638 780 123"
"HPLTWAVV8ARCFDQ5LQ","Ana","Garcia","ana.garcia.46@helios-training.invalid","Owner","+34 694 335 871"
"TLX3DHWB8JUIWNYINV","Ana","Dubois","ana.dubois.47@helios-training.invalid","Co-owner","+34 684 843 109"
"EFDQWTK3PXPIFYX7JR","Matteo","Sanchez","matteo.sanchez.48@helios-training.invalid","Owner","+34 612 239 971"
"K3KIPI9ALBRFZUCIZ5","Chloe","Dubois","chloe.dubois.49@helios-training.invalid","Co-owner","+34 646 287 493"
"OLIEFYZ7WMPGB2BLXA","Giulia","Leroy","giulia.leroy.50@helios-training.invalid","Technical contact","+34 691 861 730"
"W0T2YHELXFX1YBE843","Diogo","Costa","diogo.costa.51@helios-training.invalid","Owner","+34 613 234 623"
"KL2D7P0MV636YKOOPD","Pedro","Lopez","pedro.lopez.52@helios-training.invalid","Owner","+34 663 840 879"
"CWKKIVY4ZSXCFDGR19","Bianca","Dubois","bianca.dubois.53@helios-training.invalid","Co-owner","+34 611 474 727"
"RP0LZB9QX1MYLCZ1GR","Thomas","Silva","thomas.silva.54@helios-training.invalid","Technical contact","+34 663 162 693"
"O5VVCKZALLWKJ0DEH7","Giulia","Silva","giulia.silva.55@helios-training.invalid","Technical contact","+34 638 829 646"
"6Q1LRZ6LOVQM7AZSMD","Eleni","Nikolaou","eleni.nikolaou.56@helios-training.invalid","Building manager","+34 666 292 406"
"VQOVTPDXWY9LOXXKXM","Paulo","Costa","paulo.costa.57@helios-training.invalid","Owner","+34 655 708 790"
"SSCLEJFKUDPWT1G05C","Paulo","Sanchez","paulo.sanchez.58@helios-training.invalid","Co-owner","+34 693 152 102"
"A3YJ6RYPLOFOKMBCXW","Eleni","Papadopoulos","eleni.papadopoulos.59@helios-training.invalid","Building manager","+34 637 731 409"
"TSP97I0Z79EWTEO0CT","Ines","Nikolaou","ines.nikolaou.60@helios-training.invalid","Co-owner","+34 664 931 960"
