"Id","External_Id__c","Quantity__c","Arrival_Date__c","Serial_Prefix__c","Cost__c"
"VLETW7D8H92WZEICXK","HEL-BATCH-001","16","2025-11-20","HS2024-89","3051.00"
"IEU0MHXATWQQBHORRD","HEL-BATCH-002","25","2026-02-27","HS2026-93","4043.00"
"TVCBI1NEXIK3KYL9RR","HEL-BATCH-003","11","2026-01-20","HS2025-18","2401.00"
"NR1LMAJ92AHTPH8L8G","HEL-BATCH-004","23","2025-11-16","HS2026-01","3480.00"
"QR7R9SHG8BM9TOFVOY","HEL-BATCH-005","16","2026-02-06","HS2026-81","4291.00"
"TAU5D8JJUQIIWD4YTQ","HEL-BATCH-006","27","2025-11-06","HS2026-18","4045.00"
"UO5XCGVTGN4XU0PAVY","HEL-BATCH-007","23","2025-11-12","HS2024-88","2929.00"
"L0ERDX0DD0SEMBOYBZ","HEL-BATCH-008","14","2025-12-24","HS2026-06","4239.00"
"YNAUQIW9IBP4K9BMET","HEL-BATCH-009","30","2026-02-03","HS2024-69","2341.00"
"C4W53FUYB0KM5BLZFN","HEL-BATCH-010","19","2025-10-19","HS2025-70","2054.00"
"QSXVGRUTVDQVNJOT2R","HEL-BATCH-011","22","2026-02-24","HS2024-43","1074.00"
"E5Z1GR3A4AVAMAW1JB","HEL-BATCH-012","32","2025-11-10","HS2026-64","2639.00"
"8KVQBT61QTRJRI0XFI","HEL-BATCH-013","9","2025-11-20","HS2025-65","3754.00"
"PXTIWZG1T47EKRJ80Q","HEL-BATCH-014","32","2026-02-04","HS2025-18","1236.00"
"U9HAFTDIVWEGGTB5O1","HEL-BATCH-015","17","2026-01-05","HS2024-90","4618.00"
"3LVQPKBTCOPXGPEJ4I","HEL-BATCH-016","16","2025-12-05","HS2026-56","3622.00"
"I6OD4NHQ75DOSAVP72","HEL-BATCH-017","14","2025-11-14","HS2025-38","1077.00"
"RBWELDQZGQ4ZEUCNDF","HEL-BATCH-018","17","2025-12-12","HS2024-88","3497.00"
"BJEDUE3KNZ7ONT5U82","HEL-BATCH-019","25","2026-02-18","HS2026-52","1923.00"
"NDWZ6LHLNDCI8ZZAD8","HEL-BATCH-020","12","2025-10-31","HS2025-79","1066.00"
"HXQVSZVSZ9MEFDTXJJ","HEL-BATCH-021","20","2025-11-17","HS2025-51","2028.00"
"D3HSQ8Q0LR5QWSNNTB","HEL-BATCH-022","20","2025-12-08","HS2025-45","2814.00"
"NZC4OPL3CPJMEP1X6T","HEL-BATCH-023","31","2025-12-02","HS2025-71","1652.00"
"PRMBQZSIBKQPERZJ8P","HEL-BATCH-024","24","2026-02-25","HS2024-54","3242.00"
"1YGBAULWRJIJVXAIZ7","HEL-BATCH-025","17","2025-11-04","HS2024-23","3019.00"
"IMHNYR2IFBZNY8USVE","HEL-BATCH-026","12","2025-10-19","HS2024-34","903.00"
"G1LMO4P3HY0MO57CMU","HEL-BATCH-027","20","2026-02-19","HS2026-84","2541.00"
"7KDELTMV68WRNNINPF","HEL-BATCH-028","8","2025-11-09","HS2026-49","1153.00"
"UOUEMK8XALPUNGINFY","HEL-BATCH-029","18","2026-02-17","HS2024-52","1241.00"
"VPRNQAUDHMHBAZ6GMT","HEL-BATCH-030","18","2026-03-08","HS2026-25","2427.00"
"QGCQB7J42DVRXJ5UYE","HEL-BATCH-031","28","2026-01-13","HS2024-28","3705.00"
"A734WIGGUCFUGAIKSF","HEL-BATCH-032","25","2025-12-29","HS2026-42","3739.00"
"A3CYIJAQTFWZETTUX7","HEL-BATCH-033","28","2025-11-18","HS2024-01","2722.00"
"10JTPEVOMAT5IJESJO","HEL-BATCH-034","18","2025-11-05","HS2026-28","2199.00"
"UCON28HZEJRPIAGXPL","HEL-BATCH-035","31","2025-11-12","HS2026-27","4251.00"
"1VSNU7CID8460PTTYO","HEL-BATCH-036","23","2025-10-22","HS2026-77","3855.00"
"WNA4BNB1GE9XGN6FS9","HEL-BATCH-037","13","2025-11-25","HS2026-19","4290.00"
"2BEPPJJMZRB3SRBZ3P","HEL-BATCH-038","12","2025-12-24","HS2025-03","1477.00"
"PEM3DWUNAOOIEGB3KS","HEL-BATCH-039","23","2026-01-27","HS2025-10","4077.00"
"TFEC5JYZTMATOOF3TX","HEL-BATCH-040","23","2026-03-12","HS2025-09","2778.00"
"HPUCNCXRTOW91ACY8K","HEL-BATCH-041","22","2025-11-19","HS2025-44","2726.00"
"KH3E68QNINVMMCVJGL","HEL-BATCH-042","9","2026-01-16","HS2024-82","2726.00"
"BOPUG4F9RBQQFV3U1Q","HEL-BATCH-043","18","2025-11-20","HS2024-29","3367.00"
"RTZDNUAJG3EQQ32DC6","HEL-BATCH-044","19","2025-10-30","HS2025-70","2258.00"
"L2DZSSCDB9LBURYVKH","HEL-BATCH-045","21","2026-02-17","HS2025-25","3055.00"
"B6P32CML7YB3KRVOXO","HEL-BATCH-046","13","2025-11-28","HS2025-42","4153.00"
"ZGIH0DBALAEFXCWA2T","HEL-BATCH-047","23","2025-10-21","HS2026-74","3564.00"
"VTDJ3UJTPDSROGBVB8","HEL-BATCH-048","10","2026-02-09","HS2024-24","2798.00"
"OEGPFCZYRI8GLSA1N4","HEL-BATCH-049","14","2026-03-14","HS2026-09","2160.00"
"Z3ZO5GRXWTFVKVYPX7","HEL-BATCH-050","10","2026-02-06","HS2026-90","4574.00"
"WEPTCBXIFHP6MF4QOA","HEL-BATCH-051","15","2026-01-04","HS2024-11","3060.00"
"OHVATJ3ZJBVPKLLK8X","HEL-BATCH-052","16","2026-03-01","HS2024-97","2604.00"
"WXXVIDXO0DV43Q3WSV","HEL-BATCH-053","23","2025-11-12","HS2024-39","1420.00"
"MBCDRPTUDGPBBYISHC","HEL-BATCH-054","12","2026-03-07","HS2026-33","4264.00"
"FYMFSCJ9AYOH4CCSRI","HEL-BATCH-055","28","2026-01-08","HS2024-10","2953.00"
"DEXWNBA3JWSZ6IJU43","HEL-BATCH-056","23","2025-10-31","HS2025-76","2660.00"
"DXYLBNKTUJZ3DWFZSQ","HEL-BATCH-057","15","2025-11-20","HS2026-10","2160.00"
"SV3URGHIKRX0D1NDEY","HEL-BATCH-058","31","2026-01-14","HS2024-04","4263.00"
"WH7DASZRGXEU7UA2D8","HEL-BATCH-059","27","2025-10-29","HS2026-19","2320.00"
"XCAD0MAOMPZRTNSC4T","HEL-BATCH-060","17","2025-12-22","HS2025-88","3388.00"
"VBYOBNXNO3HN6LSUH2","HEL-BATCH-061","15","2026-02-07","HS2025-82","3415.00"
"EXNFZFEXQMSVLMS0CA","HEL-BATCH-062","14","2026-01-05","HS2026-51","4721.00"
"LIS2NQRHUTTEGJG1VJ","HEL-BATCH-063","22","2025-10-25","HS2025-36","4418.00"
"URUVUTCB3MVPTWKVRZ","HEL-BATCH-064","15","2026-01-12","HS2026-83","2585.00"
"UFXEKLLGGRUUUMCLKP","HEL-BATCH-065","32","2026-02-03","HS2026-33","1006.00"
"RFLTHCPJZZOSOMJML1","HEL-BATCH-066","9","2025-11-06","HS2025-01","2689.00"
"USYRZJTE91DJAW9C0T","HEL-BATCH-067","21","2025-12-21","HS2025-92","2947.00"
"UJ2DDND7XMZRB2RV1T","HEL-BATCH-068","14","2026-02-12","HS2025-85","3243.00"
"01PMNCF5H97IY2KMTC","HEL-BATCH-069","25","2025-12-18","HS2024-84","4118.00"
"MJCQGDWUWZYODJU87Q","HEL-BATCH-070","24","2025-12-01","HS2025-11","1703.00"
"MSRT8DYRK6CYEMWZ0S","HEL-BATCH-071","23","2026-01-13","HS2024-07","4793.00"
"WKPEWR4L96TAPKVHLZ","HEL-BATCH-072","20","2025-12-17","HS2025-94","920.00"
"UATR3EBRJHYR5K4EBR","HEL-BATCH-073","19","2026-01-03","HS2024-55","4188.00"
"MO2GLJWON41HA0OY9E","HEL-BATCH-074","20","2026-03-09","HS2025-94","4635.00"
"K9RUNEWDDR83AMY5NZ","HEL-BATCH-075","17","2026-02-07","HS2026-60","1154.00"
"YUJZRPEBOQM5H16GOS","HEL-BATCH-076","26","2026-02-24","HS2026-44","3167.00"
"7CZQV0PBK34KV8DRJ8","HEL-BATCH-077","10","2026-01-03","HS2025-24","3141.00"
"JHTZHKC3SHTUI21MDY","HEL-BATCH-078","10","2026-02-12","HS2024-29","3114.00"
"I8XHLWEYKZHZON6P8V","HEL-BATCH-079","31","2026-01-01","HS2024-15","1093.00"
"4NL4SMPZZ2T2IPEZCV","HEL-BATCH-080","19","2026-02-25","HS2026-94","1691.00"
