"Id","External_Id__c","Crew_Type__c","Roof_Type__c","Panels_Per_Day__c"
"a04cU00000A3IdlQAF","CAP-ROOF-TILE","Roof","Tile","18"
"a04cU00000A3IdmQAF","CAP-ROOF-SLATE","Roof","Slate","14"
"a04cU00000A3IdnQAF","CAP-ROOF-FLAT","Roof","Flat","26"
"a04cU00000A3IdoQAF","CAP-ROOF-METAL","Roof","Metal","22"
"a04cU00000A3IdpQAF","CAP-GROUND-TILE","Ground","Tile","14"
"a04cU00000A3IdqQAF","CAP-GROUND-SLATE","Ground","Slate","10"
"a04cU00000A3IdrQAF","CAP-GROUND-FLAT","Ground","Flat","22"
"a04cU00000A3IdsQAF","CAP-GROUND-METAL","Ground","Metal","18"
"a04cU00000A3IdtQAF","CAP-ELECTRICAL-TILE","Electrical","Tile","14"
"a04cU00000A3IduQAF","CAP-ELECTRICAL-SLATE","Electrical","Slate","10"
"a04cU00000A3IdvQAF","CAP-ELECTRICAL-FLAT","Electrical","Flat","22"
"a04cU00000A3IdwQAF","CAP-ELECTRICAL-METAL","Electrical","Metal","18"
