"Id","External_Id__c","Label__c","Sequence__c","Is_Done__c","Is_Template__c"
"a05cU00000LuVltQAF","HANDOVER-TPL-01","Panels fixed and torqued","10","false","true"
"a05cU00000LuVluQAF","HANDOVER-TPL-02","Inverter commissioned","20","false","true"
"a05cU00000LuVlvQAF","HANDOVER-TPL-03","Isolator labelled","30","false","true"
"a05cU00000LuVlwQAF","HANDOVER-TPL-04","Cables clipped and protected","40","false","true"
"a05cU00000LuVlxQAF","HANDOVER-TPL-05","Roof penetrations sealed","50","false","true"
"a05cU00000LuVlyQAF","HANDOVER-TPL-06","Earthing tested","60","false","true"
"a05cU00000LuVlzQAF","HANDOVER-TPL-07","Monitoring app paired","70","false","true"
"a05cU00000LuVm0QAF","HANDOVER-TPL-08","Site cleaned","80","false","true"
"a05cU00000LuVm1QAF","HANDOVER-TPL-09","Customer walkthrough done","90","false","true"
"a05cU00000LuVm2QAF","HANDOVER-TPL-10","Warranty pack handed over","100","false","true"
